case_id,year,region,ESR_1,ESR_2,ESR_3,ESR_4,ESR_5,ESR_6,CO_2_Cap_Zone_1,CO_2_Max_Mtons
s1,2040,NENG_Rest,0.344732664,0.434508011,0,0,0,0,1,-1
s1,2040,NY_Z_A,0,0,0,0,0.7,0.7,1,-1
s1,2040,NY_Z_B,0,0,0,0,0.7,0.7,1,-1
s1,2040,NY_Z_C&E,0,0,0,0,0.7,0.7,1,-1
s1,2040,NY_Z_D,0,0,0,0,0.7,0.7,1,-1
s1,2040,NY_Z_F,0,0,0,0,0.7,0.7,1,-1
s1,2040,NY_Z_G-I,0,0,0,0,0.7,0.7,1,-1
s1,2040,NY_Z_J,0,0,0,0,0.7,0.7,1,-1
s1,2040,NY_Z_K,0,0,0,0,0.7,0.7,1,-1
s1,2040,PJM_EMAC,0,0,0.372838,0.372838,0,0,1,-1
s1,2040,PJM_Rest,0,0,0.188785467,0.188785467,0,0,1,-1
s4,2040,NENG_Rest,0.344732664,0.434508011,0,0,0,0,1,0
s4,2040,NY_Z_A,0,0,0,0,1,1,1,0
s4,2040,NY_Z_B,0,0,0,0,1,1,1,0
s4,2040,NY_Z_C&E,0,0,0,0,1,1,1,0
s4,2040,NY_Z_D,0,0,0,0,1,1,1,0
s4,2040,NY_Z_F,0,0,0,0,1,1,1,0
s4,2040,NY_Z_G-I,0,0,0,0,1,1,1,0
s4,2040,NY_Z_J,0,0,0,0,1,1,1,0
s4,2040,NY_Z_K,0,0,0,0,1,1,1,0
s4,2040,PJM_EMAC,0,0,0.372838,0.372838,0,0,1,0
s4,2040,PJM_Rest,0,0,0.188785467,0.188785467,0,0,1,0
s5,2040,NENG_Rest,0.344732664,0.434508011,0,0,0,0,1,-1
s5,2040,NY_Z_A,0,0,0,0,1,1,1,-1
s5,2040,NY_Z_B,0,0,0,0,1,1,1,-1
s5,2040,NY_Z_C&E,0,0,0,0,1,1,1,-1
s5,2040,NY_Z_D,0,0,0,0,1,1,1,-1
s5,2040,NY_Z_F,0,0,0,0,1,1,1,-1
s5,2040,NY_Z_G-I,0,0,0,0,1,1,1,-1
s5,2040,NY_Z_J,0,0,0,0,1,1,1,-1
s5,2040,NY_Z_K,0,0,0,0,1,1,1,-1
s5,2040,PJM_EMAC,0,0,0.372838,0.372838,0,0,1,-1
s5,2040,PJM_Rest,0,0,0.188785467,0.188785467,0,0,1,-1
s6,2040,NENG_Rest,0.344732664,0.434508011,0,0,0,0,1,0
s6,2040,NY_Z_A,0,0,0,0,1,1,1,0
s6,2040,NY_Z_B,0,0,0,0,1,1,1,0
s6,2040,NY_Z_C&E,0,0,0,0,1,1,1,0
s6,2040,NY_Z_D,0,0,0,0,1,1,1,0
s6,2040,NY_Z_F,0,0,0,0,1,1,1,0
s6,2040,NY_Z_G-I,0,0,0,0,1,1,1,0
s6,2040,NY_Z_J,0,0,0,0,1,1,1,0
s6,2040,NY_Z_K,0,0,0,0,1,1,1,0
s6,2040,PJM_EMAC,0,0,0.372838,0.372838,0,0,1,0
s6,2040,PJM_Rest,0,0,0.188785467,0.188785467,0,0,1,0
s7,2040,NENG_Rest,0.344732664,0.434508011,0,0,0,0,1,-1
s7,2040,NY_Z_A,0,0,0,0,1,1,1,-1
s7,2040,NY_Z_B,0,0,0,0,1,1,1,-1
s7,2040,NY_Z_C&E,0,0,0,0,1,1,1,-1
s7,2040,NY_Z_D,0,0,0,0,1,1,1,-1
s7,2040,NY_Z_F,0,0,0,0,1,1,1,-1
s7,2040,NY_Z_G-I,0,0,0,0,1,1,1,-1
s7,2040,NY_Z_J,0,0,0,0,1,1,1,-1
s7,2040,NY_Z_K,0,0,0,0,1,1,1,-1
s7,2040,PJM_EMAC,0,0,0.372838,0.372838,0,0,1,-1
s7,2040,PJM_Rest,0,0,0.188785467,0.188785467,0,0,1,-1
s8,2040,NENG_Rest,0.344732664,0.434508011,0,0,0,0,1,0
s8,2040,NY_Z_A,0,0,0,0,0.7,0.7,1,0
s8,2040,NY_Z_B,0,0,0,0,0.7,0.7,1,0
s8,2040,NY_Z_C&E,0,0,0,0,0.7,0.7,1,0
s8,2040,NY_Z_D,0,0,0,0,0.7,0.7,1,0
s8,2040,NY_Z_F,0,0,0,0,0.7,0.7,1,0
s8,2040,NY_Z_G-I,0,0,0,0,0.7,0.7,1,0
s8,2040,NY_Z_J,0,0,0,0,0.7,0.7,1,0
s8,2040,NY_Z_K,0,0,0,0,0.7,0.7,1,0
s8,2040,PJM_EMAC,0,0,0.372838,0.372838,0,0,1,0
s8,2040,PJM_Rest,0,0,0.188785467,0.188785467,0,0,1,0
p1,2040,NENG_Rest,0.344732664,0.434508011,0,0,0,0,1,-1
p1,2040,NY_Z_A,0,0,0,0,0.7,0.7,1,-1
p1,2040,NY_Z_B,0,0,0,0,0.7,0.7,1,-1
p1,2040,NY_Z_C&E,0,0,0,0,0.7,0.7,1,-1
p1,2040,NY_Z_D,0,0,0,0,0.7,0.7,1,-1
p1,2040,NY_Z_F,0,0,0,0,0.7,0.7,1,-1
p1,2040,NY_Z_G-I,0,0,0,0,0.7,0.7,1,-1
p1,2040,NY_Z_J,0,0,0,0,0.7,0.7,1,-1
p1,2040,NY_Z_K,0,0,0,0,0.7,0.7,1,-1
p1,2040,PJM_EMAC,0,0,0.372838,0.372838,0,0,1,-1
p1,2040,PJM_Rest,0,0,0.188785467,0.188785467,0,0,1,-1
p4,2040,NENG_Rest,0.344732664,0.434508011,0,0,0,0,1,0
p4,2040,NY_Z_A,0,0,0,0,1,1,1,0
p4,2040,NY_Z_B,0,0,0,0,1,1,1,0
p4,2040,NY_Z_C&E,0,0,0,0,1,1,1,0
p4,2040,NY_Z_D,0,0,0,0,1,1,1,0
p4,2040,NY_Z_F,0,0,0,0,1,1,1,0
p4,2040,NY_Z_G-I,0,0,0,0,1,1,1,0
p4,2040,NY_Z_J,0,0,0,0,1,1,1,0
p4,2040,NY_Z_K,0,0,0,0,1,1,1,0
p4,2040,PJM_EMAC,0,0,0.372838,0.372838,0,0,1,0
p4,2040,PJM_Rest,0,0,0.188785467,0.188785467,0,0,1,0
p5,2040,NENG_Rest,0.344732664,0.434508011,0,0,0,0,1,-1
p5,2040,NY_Z_A,0,0,0,0,1,1,1,-1
p5,2040,NY_Z_B,0,0,0,0,1,1,1,-1
p5,2040,NY_Z_C&E,0,0,0,0,1,1,1,-1
p5,2040,NY_Z_D,0,0,0,0,1,1,1,-1
p5,2040,NY_Z_F,0,0,0,0,1,1,1,-1
p5,2040,NY_Z_G-I,0,0,0,0,1,1,1,-1
p5,2040,NY_Z_J,0,0,0,0,1,1,1,-1
p5,2040,NY_Z_K,0,0,0,0,1,1,1,-1
p5,2040,PJM_EMAC,0,0,0.372838,0.372838,0,0,1,-1
p5,2040,PJM_Rest,0,0,0.188785467,0.188785467,0,0,1,-1
p6,2040,NENG_Rest,0.344732664,0.434508011,0,0,0,0,1,0
p6,2040,NY_Z_A,0,0,0,0,1,1,1,0
p6,2040,NY_Z_B,0,0,0,0,1,1,1,0
p6,2040,NY_Z_C&E,0,0,0,0,1,1,1,0
p6,2040,NY_Z_D,0,0,0,0,1,1,1,0
p6,2040,NY_Z_F,0,0,0,0,1,1,1,0
p6,2040,NY_Z_G-I,0,0,0,0,1,1,1,0
p6,2040,NY_Z_J,0,0,0,0,1,1,1,0
p6,2040,NY_Z_K,0,0,0,0,1,1,1,0
p6,2040,PJM_EMAC,0,0,0.372838,0.372838,0,0,1,0
p6,2040,PJM_Rest,0,0,0.188785467,0.188785467,0,0,1,0
p7,2040,NENG_Rest,0.344732664,0.434508011,0,0,0,0,1,-1
p7,2040,NY_Z_A,0,0,0,0,1,1,1,-1
p7,2040,NY_Z_B,0,0,0,0,1,1,1,-1
p7,2040,NY_Z_C&E,0,0,0,0,1,1,1,-1
p7,2040,NY_Z_D,0,0,0,0,1,1,1,-1
p7,2040,NY_Z_F,0,0,0,0,1,1,1,-1
p7,2040,NY_Z_G-I,0,0,0,0,1,1,1,-1
p7,2040,NY_Z_J,0,0,0,0,1,1,1,-1
p7,2040,NY_Z_K,0,0,0,0,1,1,1,-1
p7,2040,PJM_EMAC,0,0,0.372838,0.372838,0,0,1,-1
p7,2040,PJM_Rest,0,0,0.188785467,0.188785467,0,0,1,-1
p8,2040,NENG_Rest,0.344732664,0.434508011,0,0,0,0,1,0
p8,2040,NY_Z_A,0,0,0,0,0.7,0.7,1,0
p8,2040,NY_Z_B,0,0,0,0,0.7,0.7,1,0
p8,2040,NY_Z_C&E,0,0,0,0,0.7,0.7,1,0
p8,2040,NY_Z_D,0,0,0,0,0.7,0.7,1,0
p8,2040,NY_Z_F,0,0,0,0,0.7,0.7,1,0
p8,2040,NY_Z_G-I,0,0,0,0,0.7,0.7,1,0
p8,2040,NY_Z_J,0,0,0,0,0.7,0.7,1,0
p8,2040,NY_Z_K,0,0,0,0,0.7,0.7,1,0
p8,2040,PJM_EMAC,0,0,0.372838,0.372838,0,0,1,0
p8,2040,PJM_Rest,0,0,0.188785467,0.188785467,0,0,1,0